{
  "2D": 174.134000062943,
  "3D": 395.339000463486,
  "AssetLib": 361.122000694275,
  "Editor": 2516.0459997654,
  "External": 1436.39099884033,
  "Script": 149.059999704361
}