{
  "2D": 2203.75299978256,
  "3D": 432.094000577927,
  "AFK": 1584.98900055885,
  "AssetLib": 1017.65100073814,
  "Editor": 10925.2110011578,
  "External": 6041.06899952888,
  "Script": 1230.64400053024
}