{
  "2D": 7857.2539973259,
  "3D": 438.057000398636,
  "AFK": 1584.98900055885,
  "AssetLib": 1017.65100073814,
  "Editor": 28292.4470014572,
  "External": 15210.8280024529,
  "Game": 0.997999906539917,
  "Script": 3767.65900063514
}